,logFC_edgeRTCGA,FDR_edgeRTCGA,logFC_edgeR,FDR_edgeR,logFC_limma,FDR_limma
A4GALT,1.40358700635406,9.32174272501003e-09,0.911041421081325,0.00212784049250199,0.826693419756099,0.00871190675552062
ABCA4,3.15752305077005,1.09628821504347e-10,0.519897515266227,0.382192124055991,0.616500635933284,0.293473538282499
ABHD11,1.01741293078577,2.0737712193732e-10,0.852732258039937,7.48533905058562e-09,0.851348494104265,1.13074003253021e-06
ABHD3,1.1527626709418,5.12766627692238e-09,0.750537074512517,0.000117158842837561,0.774753202111884,0.000444233738739918
ABTB2,1.22128916913302,4.8923454113968e-07,0.966578936972446,1.39263510935949e-05,0.998445548427298,0.00010152748496092
ACE2,1.36127957210408,0.000234605572654775,0.181010452523398,0.69253696645283,0.0903212466373038,0.856011626646414
ACOT7,1.10650363325659,1.76161501611407e-13,0.98602990576175,8.88739074304733e-16,0.9874049949674,1.51227656999896e-09
ACPP,1.10450346690036,1.78804608165576e-06,0.783149114569611,0.00456435423881915,0.747660754242694,0.0114524267690007
ADAMTS13,1.03002498546366,1.8642881899852e-05,0.703640380252851,0.00801061722192245,0.660561859951886,0.015358571184533
ADAMTS17,1.47495796825405,1.66165463215384e-07,0.853100041347724,0.000502347147550179,0.852168923815513,0.00101876239008849
ADAMTS3,1.0178531790539,0.00103556671129824,0.234195643331412,0.433537699503937,0.217095710879108,0.481477826032918
ADCY1,1.2337040658282,6.46504854357231e-05,0.405624838484462,0.213056637614365,0.445059948242686,0.173069342181491
ADCY2,3.69727624524853,6.93895207307888e-12,0.639832934640611,0.338396152358201,0.731758515191456,0.27967679105982
ADRA2C,1.3124693412272,1.56995151769068e-05,0.470781115601469,0.208860894963886,0.367063795673794,0.331308382540527
ADSL,1.03843659010174,3.7100202700047e-13,0.930866009216037,6.18646883519231e-12,0.935877286471932,4.47426540758805e-08
AFAP1L2,1.32555979478776,8.47388615036778e-07,0.685996470209073,0.0110864309977725,0.676120244954492,0.0183474905403028
AKR1C3,3.00136057822995,6.09296630256824e-12,1.25009912971168,0.0351589986883818,0.877483498523544,0.152878613524868
AKR1E2,1.92460893818762,2.78465476989497e-08,1.03101319618125,0.0312477639729056,0.617675850808984,0.230287147702016
ALDH1L1,3.261741907433,2.23588712100483e-11,1.09408263269872,0.0299559841588561,1.08228918233557,0.0374100686066025
ALDH4A1,1.21373520807103,5.41612992174922e-12,0.997391203766212,7.9034059140228e-11,0.985387534787401,2.11487025570136e-07
ALG6,1.02969116698198,3.07853996462909e-17,0.947518182290043,3.0826028067121e-17,0.949180176230072,8.19793503232631e-11
ALX3,1.32477160995904,2.00185435840894e-09,0.917468749630123,2.58618471774893e-05,0.933137417556799,7.6922277916576e-05
AMDHD1,1.84099517912601,1.73295380577222e-05,-0.146237634405438,0.782618679055704,-0.00142565501295278,0.998202834450365
AMOT,1.32464249856632,5.87869999463833e-05,-0.0507520159920944,0.891529985108823,0.0249399897247935,0.949157883502733
ANK1,2.43759732669041,2.4425527083198e-10,0.780249279651082,0.0491894464545701,0.933666043368399,0.0228459230241856
ANKH,1.13432630960935,3.7552214244806e-07,0.585076907077432,0.00603096093537431,0.609670113233062,0.0079970978594434
ANKRD39,1.05415840654605,3.52663464700498e-14,0.980890233862543,7.78244436365721e-13,0.978535479670488,3.98685734272418e-09
ANKRD9,1.0680755170424,3.08366140773527e-09,0.870590315417642,7.25605314202977e-06,0.852383866548781,6.32697963529523e-05
ANO1,1.62652255173564,2.22111549246737e-06,0.491825854065181,0.141597700666533,0.508667179928812,0.158130650973333
ANP32E,1.50762138569596,1.19061232694911e-11,0.940008590738422,1.66856012672995e-08,0.985295917220438,2.52261594819892e-06
ANXA1,1.29303658256487,4.20875955136039e-06,0.434049382321924,0.0743778126726911,0.448336283071839,0.0879606924813869
APOA1BP,1.08895558574718,3.32691582731228e-13,0.979502672550602,1.97477612853703e-12,0.983224211434509,3.15918970783858e-08
APOBEC3F,1.06857084965007,3.91697531252981e-10,0.888528182824489,3.22291337656481e-07,0.883318773499835,7.27349652502076e-06
AQPEP,7.38216873199444,2.19732163812325e-15,0.349354558582355,0.625363807744146,0.621970917330675,0.352531741212173
ARG2,1.02233567587204,3.54187176024199e-08,0.936089352534287,7.96593863611259e-08,0.934537013323431,4.38983833600869e-06
ARHGAP32,1.00839590525694,2.96960938553997e-11,0.902560724226987,9.80497891596922e-10,0.899598185096223,5.54969034980433e-07
ARHGEF5,1.04173980023762,8.65742799402928e-10,0.981958838990046,5.88259005622669e-08,0.95364785319151,9.68538467191643e-06
ARL4C,1.10211443508735,1.98208904702432e-09,0.893498433915318,1.42715483133029e-06,0.907975527501412,2.32988299150437e-05
ARPC1A,1.25831561580047,2.79416355133145e-13,0.970182944741751,9.2036041239864e-13,0.990012829556225,2.14050726559206e-08
ARSJ,1.12226416490935,0.000129520460136008,0.264733760002794,0.396041416992584,0.224719284724956,0.482669506290036
ASAP2,1.0256637681213,2.91987084634804e-11,0.858533153172121,6.27894731208545e-10,0.859564754629033,4.71030704597715e-07
ASPRV1,1.89876137424502,1.96442087213598e-08,0.43439559270017,0.122049134690743,0.546468361353385,0.0648989619105552
ASTN2,2.55649877551081,4.74018825273743e-11,0.853198245785001,0.0150805682833548,0.936865692665676,0.0127826741966675
ATAD3B,1.10475088875285,1.53267631243886e-07,0.954746800775122,1.19266651879241e-08,0.95015129043988,1.31857747878784e-06
ATL2,1.04752657942374,2.55797752172626e-13,0.914667993714824,5.48168776346426e-13,0.917527135902564,1.60862421764899e-08
ATP13A5,3.56404326035598,3.54997250630336e-09,0.766237672345519,0.508897630010364,0.202710023680988,0.807586995952451
ATP6V0A4,1.30376963348423,0.00578072201829661,-0.393083483495394,0.52696564798806,-0.519410519882499,0.410188344188994
ATP6V1B1,1.54069268010677,4.77432897742749e-05,0.706892822048135,0.0765862856969014,0.630557301641269,0.133404220807469
ATP8B1,1.0124172496732,7.12564163665575e-10,0.824793049735145,1.93751436725895e-06,0.809650407101979,5.79367361926154e-05
AVIL,1.30776744361849,8.01480728764456e-05,0.381911013702509,0.129863315186848,0.457147705425181,0.0838230584002233
B4GALNT3,1.10456723924739,5.28630693792624e-06,0.708541347134701,0.00640496689868897,0.637783130975609,0.0250239544647914
BAG4,1.21855116208808,6.28177942866866e-12,0.960819965628265,7.84458906218211e-10,0.982175254182096,2.69246899073692e-07
BAI1,2.13400189383678,2.94185758717487e-08,0.414155286811713,0.256786710358272,0.52568502651485,0.170781927598023
BCL2,1.61569790205904,2.46761384528825e-06,0.230312378609359,0.490299346522307,0.352835458201052,0.309210390841749
BCL9,1.08786401684532,4.42776683920204e-14,0.968980501547951,2.72479364289143e-11,0.986579919271712,7.37227273712105e-08
BEGAIN,1.15932109457078,0.00031318698627644,0.189042806106414,0.55494045517152,0.157722793202365,0.619836157869608
BEX1,2.13698136919289,2.49547809462453e-05,-0.558189157897551,0.303097784573548,-0.504952040420657,0.368265798891325
BEX2,1.22663483045239,1.67461841293902e-06,0.812142800147761,0.00479181699773726,0.686883060438792,0.0374114911319457
BHLHB9,1.0883628554531,3.46900880183147e-12,0.930354119775702,1.52922902758136e-09,0.938552794088908,1.8133169317962e-07
BNIP3,1.20339232815566,2.01209279225805e-11,0.947693367855265,1.47036360134407e-08,0.950159288917107,2.12001802479118e-06
BPHL,1.10042391784608,3.12388842170482e-14,0.997049087670764,1.36954889463901e-13,0.986401687532172,5.00566485869355e-09
BUB3,1.03861513883952,1.22377325190219e-19,0.976958645399798,6.56417427667348e-25,0.978788048670795,1.63087181630166e-12
BVES,1.13101426090536,0.000351788320514895,0.0287439782437091,0.938018509276284,0.0506980783728987,0.893210507211104
C15orf61,1.01316786551083,1.21594123692525e-10,0.9450417374,5.89724953633938e-09,0.931258084844672,4.45385498680422e-07
C15orf62,1.32705036452218,9.74977299803878e-09,0.947782019176561,9.89899810008554e-05,0.952301967832659,0.000287895001506929
C16orf91,1.02049510635008,7.50501060788748e-11,0.970776990777803,2.74119366575409e-12,0.96462313023579,1.21569087183998e-08
C1orf110,2.59360103991799,4.29959312292794e-05,-0.0180951842549766,0.963138683279997,-0.00889477276665207,0.99243071874367
C1orf122,1.23376507383109,2.191712808728e-06,0.49242585267,0.00107669582882937,0.519132042832679,0.00204577085080404
C1orf226,1.0719319299779,1.6247410478814e-05,0.645020292179194,0.0248485380504295,0.59064405781018,0.048760993615774
C1orf35,1.05314357366166,2.59896757256688e-16,0.985120403448205,4.74002972326177e-18,0.984056685658213,1.08929060567782e-10
C21orf91,1.06295454533743,6.66472745587044e-08,0.734376698043019,4.43635513145624e-05,0.754705190348887,0.000197003400544223
C2orf72,1.59605880283124,2.9773003106387e-05,-0.0511503065153787,0.887461793188335,0.0110008255053616,0.977004015747768
C3orf58,1.12134896722511,5.24842910273643e-08,0.719524216320407,0.000567166955622097,0.724536230539938,0.00164046408202926
C5orf51,1.00725859920356,5.92772895496922e-18,0.958304469347266,5.47033777529606e-20,0.96023804772173,4.9427104256304e-11
C6orf132,1.03922244532529,3.03768716031384e-07,0.92925252581121,2.76789612384883e-05,0.865973806385937,0.00053118138416473
C8orf47,1.25485051070992,0.00213050691259996,0.797455323902141,0.0864588605828467,0.544182050596643,0.303928581295187
C8orf76,1.05342858081416,8.57723896651051e-14,0.995768081717461,6.67455137048403e-14,0.994499191758568,4.4445922942044e-09
CACNA2D1,1.69878166239967,2.92245952615909e-07,0.962353353846459,0.0110425274371863,0.696258659362412,0.111301028800609
CAPN6,3.48287360896454,1.57690004461096e-07,-1.61858025390228,0.00163318440431707,-1.40406102299869,0.0217623573023092
CARD11,1.34527382868759,8.1628043575515e-05,0.48345604781287,0.181732624742397,0.548187424730257,0.138163003947451
CASK,1.0503964208027,6.86920853165589e-13,0.912821658327724,2.13821309526353e-10,0.902706632029219,3.16366108442458e-07
CASP2,1.00766157467671,1.18316232273247e-17,0.957689161379674,9.12975492508563e-20,0.961944692405848,5.91717115849829e-11
CBR1,1.46546031693197,1.41233584299315e-09,0.988343924555313,0.000196592874553559,0.937021100083701,0.00131974676813706
CCBL1,1.01846990438874,9.65898467324261e-11,0.872663418405324,5.50365154472897e-08,0.859769415740246,1.59814992172692e-06
CCDC14,1.03404488392543,1.48408396574686e-06,0.619850824445547,0.000920229392520125,0.640142414104936,0.0017644827870881
CCL28,1.01444476753438,0.000569095878164729,0.176992158428233,0.600873710354802,0.15993302102006,0.628004185748938
CCNA1,2.40634507474341,1.85704574159916e-06,1.25292072043315,0.0683053709376831,0.693914415829574,0.317112730251189
CCND1,1.05398882106023,0.00589468344078664,-0.735959573928705,0.00758855693905196,-0.709995714528253,0.0214059593481804
CD1A,1.19165536720728,0.00249563360638706,0.886400281964737,0.102050131642082,0.657246889236868,0.2344581766576
CD70,3.61832571376284,5.82317559664473e-12,0.64962023853342,0.221651996274671,0.962814471510037,0.0728474199057428
CD9,1.61193940812628,2.51985579440136e-10,0.94542746159595,6.63485097728826e-05,0.935163605750924,0.000430926508936636
CDA,1.50655250879349,7.99266209350153e-06,0.490437207538475,0.130104474858681,0.498909640778505,0.136346964027169
CDC25B,1.12553546926699,2.29090302068681e-11,0.954154399622147,5.09544078712519e-09,0.968968946603659,1.16136017791938e-06
CDH2,3.04669983740231,8.39500012333699e-11,1.09730625983908,0.0310080842040155,1.38447746139983,0.0122368770509137
CDH22,5.60585277154064,6.89857157403583e-11,-0.727947854921217,0.324897115079545,-0.152422552746621,0.843184931734483
CDH26,1.49481456533644,4.53910998339171e-06,0.415073389507973,0.281363250230042,0.372430509015782,0.360559344295829
CDK6,1.11484260506105,9.55810718148039e-10,0.899879806711267,2.47889012397888e-07,0.891358208370616,1.90787029463494e-05
CDKAL1,2.47889730796549,2.33581347825667e-11,0.584780050196344,0.0185037343842175,0.76691693913375,0.00987818990828804
CDKN2C,1.00786186994888,1.38798417942616e-07,0.757306548108183,6.62700719590612e-05,0.766787276697984,0.000255019692919768
CEACAM1,1.44769282703868,1.65393709018067e-07,0.66215778736589,0.0167636152873685,0.696493179493372,0.0215061203547547
CEACAM5,3.71618861252391,1.79840908179608e-09,0.179998162460733,0.811703505560498,0.168671200413188,0.830151251931698
CEBPG,1.05286018213281,2.34158181356036e-13,0.905325158845513,2.47589050582353e-13,0.908710409731256,1.19048708153071e-08
CENPV,1.36478789667457,9.32174272501003e-09,0.954278943963078,0.000327862761313613,0.87345347498076,0.00216832094665712
CHGA,3.29699845496477,1.23924499816851e-06,1.13677363623314,0.151205096839924,1.22745627303698,0.0708988608369858
CHL1,1.08838060390371,0.00232427689135878,-0.154600378562204,0.698136962515839,-0.166544040411286,0.689106988367959
CHML,1.11936459971742,5.72656596400756e-10,0.872032077879887,1.02672786718479e-06,0.888323115656032,1.82385896266028e-05
CHMP4C,1.09687289230698,4.39195944820362e-09,0.974434662216446,3.9096124934332e-07,0.940448973317364,2.77819723937694e-05
CHST2,2.03143786182431,7.78169195588399e-10,0.902767671765999,0.0101583109551762,0.922075654485626,0.0135733772141581
CHST7,1.29240361975773,1.97813701774495e-07,0.736738841100647,0.00713427468313488,0.742006398407964,0.00991740469504093
CILP,1.31866481033802,0.00035413165821622,0.71348843910455,0.0779040458605849,0.720991006746187,0.0916542044727637
CITED4,1.30189133252674,3.93259006822948e-06,0.988360757044333,0.000962234196591549,0.909051200649603,0.00523537179783886
CLDN10,2.88699360110502,2.66000003553382e-10,1.19198031495283,0.0380130851870131,0.885480918443103,0.133227059871641
CLDN11,1.47552320649505,0.00113335086995796,-1.42947254604117,0.000388481413206356,-1.1433372977333,0.0119163853494512
CLDN6,4.71814031053332,9.38508238645593e-10,-0.479996487723766,0.542409680510894,-0.0547977810914198,0.939999719964452
CLDN8,2.85167018631155,1.41779902966481e-06,1.50096216970785,0.0219364107366318,1.19782516030079,0.0961391438177613
CLPB,1.02001964739761,8.94042037706511e-14,0.928610243948339,3.38715834187019e-12,0.93201515057501,1.62634588682776e-08
CNTN1,2.39807175713807,1.1120736445903e-08,0.623852140852319,0.193579362601775,0.345168653855325,0.528969062294852
COIL,1.01792445030162,1.36973037802635e-23,0.975509599286265,2.97631018513959e-31,0.976405307970285,1.76508611817057e-14
COL1A2,1.47408874781343,7.53076856410445e-06,0.937271122903269,0.00130044081525409,0.941942824415644,0.00364125817216226
COL27A1,1.33764225385031,9.91152425471933e-08,0.935544466112405,0.00010268743256526,0.900498104153467,0.00093669946384206
COL5A3,1.45500627374375,1.16921768168617e-05,0.644606430768572,0.040297962961291,0.654862641379153,0.047292763451347
COL9A2,1.95348371897722,8.70414346170317e-10,0.992494955203612,0.00398099443661636,0.971480172875862,0.007307532962456
COMP,1.20890210156723,0.00585281297460868,0.726664950061126,0.0984479016127574,0.624040517643323,0.201837667538482
COPB2,1.00446632961273,1.84734284583259e-17,0.924628389533178,5.19139789576542e-19,0.926673510589866,5.89836336276199e-11
COPZ2,1.33058234567039,9.89833666133479e-08,0.801727442376329,0.00744713758025936,0.727972126342453,0.0208094378227144
CPLX2,6.99713593128651,1.30107997721029e-11,-0.790581607128272,0.388208345775489,-0.238253849422458,0.779908819613164
CPT1C,2.33289880598833,4.0013867870609e-10,0.822070218042487,0.00865983352757789,0.962063431064118,0.00636116231075977
CRISP3,2.63253494693862,0.000366118960327462,-2.05389315886028,0.0316348324286051,-1.08159847509798,0.216180023453791
CRLF1,1.05867584769232,0.0091363025897342,-0.357765079867537,0.404483273420864,-0.243376380100127,0.606139155937529
CRMP1,1.03891454758411,0.00011459494018057,0.387923759558673,0.118333021583523,0.430135035968052,0.0965562613553222
CSTF3,1.00257938847961,1.29574586125681e-17,0.932656682842301,2.24059896348694e-24,0.932883505789563,1.34150341572782e-12
CUL4A,1.94961132302784,2.78335002990366e-09,0.458845011432,0.0239757495829491,0.584576955530108,0.0160689588661748
CXCL6,2.97210507412962,1.16533833517776e-07,1.19277345698498,0.0773653806166196,1.01282520743566,0.173069342181491
CXorf57,1.10292538686075,0.000108510234761714,0.414254068605374,0.214255612486574,0.391166999506991,0.261801275353091
CYP2C18,2.47312156692025,1.31383371784222e-10,1.38823177472462,0.010919686708778,0.919531531460102,0.102160283651528
CYP2E1,2.13003859702751,7.19044284222243e-07,0.10720263964435,0.835675576557895,0.129421255901117,0.798491724866089
DACT2,1.52871741070315,0.000346152294412785,0.526911353532436,0.381696973196916,0.026694935613178,0.970341904684855
DARS,1.01706314152133,6.74781584852415e-23,0.982980803641488,1.33841510322334e-37,0.983605618933229,1.74973224812113e-15
DBN1,1.06750833078083,1.26191931330201e-10,0.99118401325617,3.39606618583672e-10,0.987470234524617,3.54323915013747e-07
DCAKD,1.09227742776837,3.66747594443956e-17,0.994289125178776,3.65827364319079e-18,0.998066250319476,1.62168761520504e-10
DCUN1D2,1.32137868603204,2.04712846429922e-06,0.376629607999578,0.0337408717071307,0.439894751668024,0.0272055685671562
DDIT3,1.07030310900558,7.96117713305075e-10,0.928083222186485,8.47361710092531e-09,0.920979938816149,1.85706182780031e-06
DDX47,1.10426045624585,2.26641549590433e-15,0.965974107690933,2.57694751973159e-14,0.973894016699287,5.2297227171258e-09
DDX52,1.03714417312875,5.95487515570988e-22,0.973818302755998,1.38297875589218e-29,0.973997162625734,6.87460176005635e-14
DEFB1,1.98883802795043,3.26994920699272e-06,1.0452446185811,0.0488489752867957,0.797949121645057,0.139803652078055
DERA,1.01382208372376,6.33895433435679e-09,0.758574752535056,2.45654548740979e-06,0.76343049460575,4.04452775488367e-05
DFNB31,1.47164544324889,4.41982458588574e-09,0.961051608518459,4.52873398816417e-06,0.981587677763405,4.20889634458884e-05
DGKG,1.29712667331505,9.63372241685841e-05,0.254130834861204,0.551844393887508,0.0442369728206904,0.928803270250964
DISP2,1.55217270532388,1.84661360396286e-06,0.7236536234816,0.0233530757897497,0.769450038420394,0.0192667754735865
DKK1,1.88046725140645,1.86913921036789e-06,1.27058446385359,0.0141387513618244,0.763712669252619,0.196743118179248
DLGAP1,1.81743828677797,0.000263253189578775,-0.888924035488845,0.112381980632666,-1.05461450592245,0.0664208392023599
DLK1,10.9016376321509,1.36995792986357e-08,-0.849746600817301,1,0.460022292462464,0.602678548229325
DMKN,1.33783324769828,6.6093699153185e-06,0.546990374472078,0.137238535113103,0.383131587038934,0.338644989139717
DNAJA3,1.0093968476721,2.20991322240151e-11,0.821548447843203,4.5843181221231e-10,0.830641339791263,3.30574874993918e-07
DNM1L,1.06524547408019,5.55417181384605e-18,0.956337216091865,2.22240011551183e-18,0.956562794584769,1.77204938450824e-10
DTNB,1.24201505677579,2.99988423768001e-11,0.993908445088623,3.42519691905258e-08,0.984824665980864,3.21603885544585e-06
EDN2,1.50932841885177,0.00168729790126943,0.928572436705208,0.107108107565247,0.952181052613065,0.0966864768731455
EDN3,3.43900088262085,0.000543257911648307,-5.64011682130745,9.20642006612621e-12,-4.22423627496083,1.05655775553742e-07
EGF,1.48763520195747,1.71469268329055e-07,0.839465630717863,0.00783511316553296,0.832053155489959,0.0131082098880848
EGFLAM,1.05743572320192,0.000182902289442247,0.894124293211499,0.00243360778663464,0.921366160998501,0.00312344087828965
EHBP1,1.09653738892509,4.0066209711103e-11,0.869979238601919,2.33490540525077e-09,0.873899474542163,7.92067730828609e-07
EHF,1.05513171752786,1.96273431665714e-05,0.614957272010893,0.0301343851151577,0.537960907953916,0.075799369732425
EIF5AL1,1.03869083271462,1.69694489023754e-14,0.99878013838197,8.78252465919861e-15,0.994190358795847,3.86782659803137e-09
EMG1,1.15256253066135,3.2306423954454e-10,0.942327978447082,1.56765847155089e-08,0.967219101084343,2.27450605959004e-06
ENO2,1.21652185478624,3.94163759168734e-10,0.900236578893418,5.51200482645128e-06,0.875541927808857,0.000119507876706697
ENO3,1.10509290955236,1.24870916214735e-06,0.819990331555547,0.000744140067345701,0.787980468603946,0.00241077406857333
ENTPD3,1.33121338456459,1.45053463359029e-07,0.855411900163041,0.00250465396882286,0.726409949831285,0.0232618937659183
EPHX3,2.15152090465654,2.12015807760625e-09,0.838237274655532,0.0419897935253533,0.748877529304355,0.0787144471622081
EPPK1,1.20151407008484,4.06067580275588e-06,0.744130939800934,0.0163103619051393,0.75183830449169,0.0219227485328494
ERAL1,1.05369676268911,1.63077854866926e-19,0.97602551524562,9.04021121933534e-25,0.974595120747204,1.99865265669591e-12
ESPNL,1.25395495835353,0.00135215220540289,0.801720281970962,0.0250828547260008,0.799348118210143,0.040820925724649
ESRRG,1.12069999872448,0.00192500371571946,-0.148522571662956,0.76609698143498,-0.286171840021667,0.558140908308446
EYA1,1.55801198930781,0.000909828059498404,1.25725610817287,0.0253656133953628,0.982490523781654,0.146986560438642
FABP5,1.12700422977695,0.000236443932137837,0.363079891572474,0.308092873582836,0.409903446466518,0.258439378915805
FADD,1.27338291958011,7.74831229627033e-11,0.882874842529331,1.99848346581142e-09,0.914477876897386,5.66411867320997e-07
FADS2,1.0897311509089,9.63092486627528e-06,0.664871891074037,0.008849766347045,0.634181203317326,0.0181079395337061
FAHD2B,1.08499891024923,4.31826223562393e-10,0.889536361906558,6.2134851709606e-07,0.877293667722487,1.17722638798378e-05
FAM102A,1.15155980266445,1.17926540137522e-10,0.958591141961304,1.35312944440861e-07,0.938115387651089,1.15368238678502e-05
FAM131A,1.18436718844828,4.53756648802115e-10,0.932718181981415,5.95760644495584e-07,0.922739725729346,2.00417621931262e-05
FAM135A,1.04758332571237,1.22771219873107e-09,0.837420664800087,3.2693695566377e-08,0.838658941972662,2.6969117796259e-06
FAM200A,1.23216635646138,5.33726042725708e-12,0.98341820927918,3.90362088539435e-12,0.999276794609355,1.84016902627318e-08
FAM3C,1.1361545226139,1.60347451181811e-09,0.82666231476013,3.25977089396481e-05,0.797367356928658,0.000346862390480369
FAM43B,3.50326645054335,1.54765311509919e-09,0.0117193312595474,0.980915492019814,0.157586320947037,0.733866621448312
FAM58A,1.00947680928471,1.27761048498357e-10,0.918804101150675,3.92507126211667e-08,0.895260693213156,5.48762238290327e-06
FAM81A,1.388882891119,6.40586510022992e-07,0.869873377614077,0.00211178053260147,0.874174824693661,0.00310643465468937
FANCC,1.03373656199826,1.6011474395962e-13,0.913251303387169,1.39491443579601e-13,0.916437377209388,4.24032362685948e-09
FANCF,1.0275294551204,3.96221565965097e-13,0.984896994479128,1.12125055155757e-15,0.983175018241111,6.59686800335934e-10
FBXL18,1.23475311892615,7.96621320577185e-12,0.986865966827033,3.57061707069713e-08,0.9962666814779,2.79928057414532e-06
FBXO4,1.01653792340332,4.30044211579846e-13,0.908099424817948,1.06031432673638e-10,0.904946152830476,9.15428734902222e-08
FCRL2,1.71709841655636,0.00774258814992811,-0.472166104392305,0.416533813765816,-0.73464667977812,0.230773544196277
FGFBP2,4.11739227626437,3.01687827708659e-11,-0.869840121669092,0.321618714845025,0.014343136353469,0.987416158675623
FGFR3,1.5824119178255,5.94808003947088e-08,0.850255862194959,0.0158534707102963,0.751566201060334,0.0429663124440204
FIP1L1,1.01101482366337,2.04476019043953e-14,0.884662732607686,1.46224663027311e-15,0.889802669876189,1.56352322612788e-09
FOXC1,1.20709801735694,2.19125942391355e-05,0.522076904011181,0.0914669631229479,0.611867282759126,0.0658304425172415
FOXI1,6.86912398122879,1.31044765725369e-11,0.735875229941857,0.448861938100421,1.22381883863825,0.0951852473737912
FOXK1,1.03046802211135,1.59627147701543e-09,0.837412253291405,2.66248719997891e-09,0.844768898011306,8.61269618101494e-07
FOXL1,1.21048284686391,7.53314587840511e-05,0.546963793462366,0.118464706096127,0.513154558160347,0.156420545646807
FOXP2,1.03952958617493,0.000458657167788057,0.434910055599559,0.27369211223529,0.154541787926424,0.73351913122147
FOXQ1,1.1642988011024,8.03730125184577e-06,0.96024514153658,0.00120132360875152,0.912768691990069,0.00526953627691999
FUT3,1.72977809297095,9.35666477738192e-07,0.558587824013919,0.194671025617093,0.437955941705213,0.332497830499537
FUT6,2.75628532289672,1.26885361207313e-10,1.1040415045998,0.0376168327126507,1.09431738568311,0.0399806675561668
FYTTD1,1.1000231173268,5.19153057128829e-16,0.963341087206972,2.87935774695549e-13,0.959068476551234,1.32546506926467e-08
GABPB2,1.1189606685082,6.26297884854865e-11,0.925532082123123,2.76452124854853e-07,0.895599178073493,1.19793561295439e-05
GALNT1,1.13617433253196,4.79654637720427e-12,0.907681255578846,1.08280363769135e-10,0.918952788188947,1.46669091203117e-07
GALNT3,1.09929849356542,1.48742677874243e-10,0.940195548522028,1.35917942964684e-08,0.925208565838254,3.53388100544538e-06
GATA3,2.49173747112962,7.18667351593603e-07,-0.954356518212389,0.00941150049968102,-0.738981877017784,0.0878334947956013
GATA4,3.09134805991188,4.54537337664946e-05,1.38194895681553,0.188150513042947,1.60849561159797,0.0416559038995203
GATM,1.41583192718824,7.04412719695634e-07,0.60805946454657,0.0418787475922701,0.623478139243659,0.0450949115282423
GFI1B,2.93008458102669,7.08796090419053e-05,-3.62573311126281,8.73699312814788e-08,-2.69371920131679,0.000164555188740323
GLDC,2.99343241490492,7.27711180349446e-11,0.862969943468331,0.0497183969958961,0.909644829482682,0.0592139150634556
GLI1,1.48325716333626,0.000156958212589783,0.238593729880206,0.607710495907225,0.26612296723852,0.57375261765268
GLS2,1.25759926578339,8.29093120406674e-08,0.904811671388009,0.000778404653601269,0.80146734884671,0.00662322187371597
GLTP,1.38091284667456,8.99444502660683e-12,0.973611417650352,6.73154423081841e-06,0.961994841431988,8.97549055454288e-05
GMCL1,1.05754454498043,7.43317633393784e-19,0.991640796959073,1.63792816941726e-20,0.993560520904767,1.58271606760161e-11
GNA15,1.1170923974237,9.30233720406537e-07,0.755349988631279,0.00287568492190322,0.677875803713545,0.0143553395957305
GNAL,1.37643418630858,7.88814126754356e-07,0.659138443938074,0.0319802544925676,0.637201309495998,0.0424952575922796
GNAZ,1.25226950618727,7.4262541398952e-06,0.719984983110682,0.00702861964588476,0.739237809658722,0.00889823934627655
GNL2,1.79724770882801,1.17672909844013e-09,0.697972746100626,3.00953237744528e-05,0.77862957527624,0.000260498437082522
GPR125,1.08232164374988,1.33763073726579e-14,0.988532245810089,1.06089631826718e-12,0.993101074469676,1.94519316542641e-08
GPRC5B,1.36771243618837,3.6832702814096e-06,0.593525116174124,0.0705056867453131,0.636311888706202,0.062810002266455
GSDMA,2.24831613099334,2.18658337795129e-06,1.04849224860284,0.0158887034456689,1.10376177050462,0.023563898724228
GSR,1.3199857928324,1.2152933840916e-09,0.827804150577792,8.15001285845431e-05,0.840572452724846,0.000335600993684879
GSTM1,3.63390384485759,5.9966726630004e-05,0.646499419022811,0.210067058531338,0.720524202646391,0.145152394054224
GSTM2,2.3979198045909,1.10386410094403e-10,0.768265612078368,0.0273328180080092,0.857592032970186,0.0218105315344535
GSTM3,1.60827024700866,5.54506464616611e-06,0.0352474945134275,0.922594198269683,0.174797189476951,0.628213904006193
GSTM4,1.39185203425071,7.56936277557687e-08,0.626970062807219,0.0111672948577467,0.681751486580559,0.0102542230827781
GSTZ1,1.02224016807505,9.3571329423686e-13,0.939168852375673,3.39142984032996e-11,0.93626466895093,4.92020123948324e-08
GTF2E2,1.02436479522901,3.10066025929248e-14,0.897522705626646,7.10282784456188e-13,0.902166986230955,1.36204102776449e-08
GTSF1,4.20463593058195,1.99216735962748e-09,-1.03443063019885,0.217200473174872,-0.275319636765457,0.738677539563154
GYS1,1.08595749659919,8.91162200655825e-16,0.949415559941655,6.42397049005277e-14,0.962879820460402,7.55478206880883e-09
H1FX,1.00899148052457,2.4644797386326e-10,0.820689665988225,1.40998173236447e-10,0.826310684338596,1.39671875165684e-07
HAPLN1,1.80612276771956,0.000121777493182755,1.42875873728932,0.0110570197044818,1.46188592050066,0.0219134829753596
HAUS1,1.09474086575494,2.38033588049585e-09,0.847668573912954,3.93123397115479e-08,0.86214972591635,2.32146414942178e-06
HBS1L,1.00188876420558,8.80694136225654e-14,0.84187741438806,2.00992380116723e-13,0.850886093949677,9.50824315488685e-09
HDGFRP3,1.11995722706961,7.44644354403583e-14,0.995232637588959,5.56731962926186e-13,0.980523068146048,4.42574750058268e-08
HEPACAM2,5.7201960910655,3.12408597434584e-10,0.697011779429922,0.494365105450792,0.777603901436166,0.319949066855883
HES4,1.05793854629801,3.93602334774984e-06,0.999856709659714,3.82412758340677e-05,0.960517890417291,0.00022631503022901
HEXIM2,1.06891283886184,5.77813617309305e-09,0.917861432524721,4.66184725564985e-08,0.921808130776717,8.39719966486089e-07
HIC2,1.27562266239973,1.86387795935311e-09,0.8485200390803,2.58228191551109e-06,0.873267132907613,2.74258492578947e-05
HIST1H1C,1.41592212399355,5.54181121324432e-07,0.643837427255728,0.029726523166039,0.63914598461011,0.0419286452033647
HIST1H2BK,1.3510108209655,1.88615166732889e-09,0.89453716416087,0.00012318821048544,0.864418516628341,0.000895412125542157
HK2,1.18462156340255,9.85148590770364e-11,0.989928271136812,1.06478966272932e-08,0.995918387412879,1.58218027025168e-06
HOXA7,1.03430600737638,0.000325772234355848,0.223150584522129,0.549476073407051,0.190376617633163,0.595558743812629
HRASLS2,2.25862490868614,4.51763262291569e-05,-0.703153676385468,0.234962895720534,-0.944855714486532,0.109020903297986
HS6ST3,3.69959201398505,1.98899604206331e-09,-0.030954991158149,0.935360779430905,0.684485621487231,0.364496268244011
HSD11B2,1.22800220193087,1.1843411846859e-06,0.801340453135851,6.08347539358665e-05,0.815496790238765,0.000219454846112967
HSD3B1,10.7055670014103,1.44372716562125e-05,0.215854286193348,0.736235691659369,0.310986666989317,0.524078862392248
HSP90AB1,1.00693286426193,1.30141774949128e-15,0.913006791420882,4.45698963315808e-14,0.914028528707812,2.70656542764154e-09
HSPB3,1.36783001318575,0.0061206915202216,-1.24261481479938,0.0616116734182137,-1.31493290905653,0.0375986749055691
ICK,1.02314602547627,5.25146222179131e-10,0.856481026926048,7.92163157321038e-09,0.853270084663487,1.62656386383887e-06
IFFO2,1.1939290024771,3.44288430284894e-07,0.689237597226255,0.00448392766045447,0.658626164282423,0.0119408503490162
IFI16,1.14906326282574,2.63652380328487e-11,0.98947768580821,2.78301553650934e-11,0.961362868728011,2.4825425433899e-07
IGF2,2.89353557378151,1.38035377470151e-08,-0.131121698569825,0.767088294371487,0.0324236088326542,0.950452061260692
IL1RN,1.11772087065814,0.00232284325748507,0.866255135295613,0.0559669721631073,0.735235713013514,0.120545929501364
IL2RA,1.22929602533135,0.00110318988643008,0.702051525956181,0.0412220649835059,0.700136443436716,0.0685781506343037
IMMP1L,1.02394784280886,3.47641594495392e-09,0.946048436071633,3.60598292560797e-08,0.944969617634065,9.03394584390353e-07
INPP5F,1.3795377162681,7.80499031331392e-07,0.381459371962386,0.0352646873876211,0.462649847335078,0.0263176169681346
INSM1,5.15118680873781,1.49527953833384e-11,1.37100301236749,0.113303810409687,1.59552947848037,0.0481839552387205
IPO9,1.0069702260421,2.14879931153336e-12,0.825977098184891,1.06985963032335e-11,0.839058132992717,4.78244091150792e-08
IQCB1,1.10966937090417,5.59099251603474e-15,0.979913875474633,5.23800913558859e-15,0.97682307257595,2.27947071118138e-09
IRX6,1.12062275102451,0.00370856891759176,-0.0814310152006278,0.887293043686654,-0.0595182851784974,0.920978401209547
ISYNA1,1.1370017442252,4.04797271394165e-08,0.719755241351466,0.000420832592110901,0.731031647898742,0.00121344130536757
ITPRIPL1,1.41126527660452,2.43723470955188e-08,0.936269566416784,0.00230193715428077,0.919057715826849,0.00368277267708294
JAG2,1.19042725084888,1.91270292331963e-09,0.905019758750434,2.59761808739296e-06,0.905438221361887,4.83009282643199e-05
JAKMIP2,1.85761955920563,1.36324009651779e-05,-0.157751789075121,0.746812241029142,-0.133563370608433,0.787409542263233
KATNAL2,1.08642868504015,3.09199244369685e-05,0.653508893244733,0.0128502692352467,0.655001276915311,0.0127282434679129
KCNH2,2.23518487075696,1.37933225129758e-09,0.669950191745116,0.0926126482290246,0.766551172803495,0.064400042216498
KCNIP3,1.42571186133025,2.89243779414254e-08,0.793670507958911,0.00381579104024635,0.806422951426532,0.00484030578504373
KCNN4,1.57273740095989,6.57499874873925e-07,0.761219377571323,0.0246580755065478,0.825288836806628,0.0211909102021236
KEAP1,1.0541864904485,3.76934660433138e-13,0.88024452909831,9.92358633248077e-11,0.879106009043088,1.63759380280029e-07
KHK,1.02641573869933,2.92154908999769e-07,0.720124921701831,0.000196047265627041,0.733617482458551,0.000392646784344848
KHSRP,1.07904982012748,6.04529964775583e-18,0.98941678586656,6.29251055726219e-20,0.990483759093808,4.98035108093199e-11
KIAA1549,1.43086151563956,4.0030735298603e-08,0.98908978792344,0.000246869220353007,0.98506361063128,0.00105618511828982
KIAA1644,1.01823267707449,0.00806578723343805,0.0365581705876853,0.936071993465384,0.148394399124812,0.733862080075761
KIAA1958,1.02886878144902,2.66684304196079e-08,0.847207558964558,2.69964715956044e-05,0.832362770844446,0.000118610150346541
KIF21A,1.01327868822461,1.61863167677108e-06,0.948237206284475,7.50114444421897e-06,0.939703950991786,9.12350097180427e-05
KIF5C,2.37038316951335,1.56874552155805e-08,0.0953929075421118,0.811212149184908,0.309727969714293,0.438224830020571
KLHL17,1.06810612074681,1.2658917539518e-08,0.956590478775955,2.26962105403602e-09,0.957672327478558,2.30819065218165e-07
KLHL24,1.01341016026671,1.16392909177506e-07,0.846642458389125,3.15965398737545e-06,0.837260078008084,5.96109484550284e-05
KLK10,2.25426531852651,7.67119782562368e-07,0.449739984140485,0.54298931908002,-0.122903803382017,0.878160906997788
KLK7,1.93898638445892,0.000622451441541042,1.34230233238229,0.0960761559253561,0.802332467601413,0.342345691361313
KRT1,3.98851331581895,1.28358927213347e-10,1.66662321471467,0.013580405812669,1.9441871215157,0.0107180680946375
KRT24,6.00362081292824,1.35022340929864e-07,1.61833689382857,0.0804173307775127,1.52381084211395,0.0196441067912449
KRT8,1.10919968796649,8.87777517247053e-05,0.493165368213457,0.0859386750303847,0.417393064183829,0.16846003311143
KRTCAP3,1.30309089899328,5.24127709483626e-09,0.954309052005812,8.52021972136305e-05,0.908375393342599,0.000737937554000853
KYNU,1.11905432138575,0.000913475241582415,-0.254018809887191,0.518589599311692,-0.183576132071779,0.653626620124025
LAMB3,1.41319797957764,2.08310232257683e-08,0.932204563316867,0.00122686531446649,0.861713398589306,0.00620425277922908
LAMP1,1.55047405507204,7.77883738460512e-06,-0.125507883431855,0.589228248922826,0.0082272207265266,0.976152308661205
LANCL2,1.0586993117321,6.34240825240955e-09,0.711357343417324,4.60172517642961e-06,0.73615998678676,3.75786101644967e-05
LARP6,1.12382685443458,6.25044844218836e-10,0.927941769930236,1.10646598264629e-07,0.920664584498866,5.37878717588327e-06
LCN2,1.07701913208646,0.00815333443579746,-0.112526574374926,0.849389286464763,-0.396029117418913,0.498162657522096
LDHB,1.00519564199669,1.44696975174294e-10,0.843798547290054,6.28939073082755e-09,0.841853855910664,1.01166062582804e-06
LECT1,6.63810504858944,5.3783625160748e-09,0.581396234767665,0.667555139927944,1.0527139530594,0.130580529679304
LGR5,2.64973846870387,3.2881610700282e-09,1.00026551888308,0.0560927722570081,0.728704191284863,0.223584104176637
LLGL1,1.18072583409434,9.00490914494112e-14,0.977701067212793,3.39895618994107e-14,0.990146428770414,5.58714385557208e-09
LOXL1,1.03002116765847,2.93432619865999e-07,0.953141689182915,8.01560797289727e-10,0.969558967039402,4.35162633342072e-07
LOXL4,1.20463506351633,0.000124479434603509,-0.0213380334355404,0.950359538858819,0.0414572320614477,0.904526301545699
LRFN3,1.01425118995655,1.37649514622975e-09,0.868689327045459,2.41453450653989e-07,0.838340440032532,1.9555513923867e-05
LRIG3,1.08104777001809,1.73290965518372e-10,0.945199366486454,6.01118775679532e-10,0.934360273030169,5.54872999238345e-07
LRMP,1.02101828242699,0.00881769606713845,-0.419622225443813,0.251463793208393,-0.349170325240362,0.359771986248217
LRRC55,3.22701693829706,1.51211507281071e-07,-0.417927933173992,0.357600936630886,-0.41422750184668,0.402182099907841
LRRN1,1.64078618974775,5.50332557491779e-06,0.276256103295228,0.503488732715785,0.215184072414808,0.629917362640338
LSM14B,1.04896470275331,3.60359729752959e-17,0.947637437731434,4.66336404186129e-17,0.956529926587691,4.20498954065001e-10
LYPD2,2.6129136122371,0.000169082251811906,-1.28126965089067,0.191763745307123,-1.08741139596705,0.166828050456715
LYPD5,1.14473461630603,0.000193790087237941,0.858555901547593,0.00211971437799475,0.785056833575051,0.0103785677808696
MAP1B,1.33223438607418,5.17925935684262e-07,0.759564230120647,0.0013536317110484,0.76259085213156,0.0033074072890073
MAP2K6,1.13536378849616,5.71517350783852e-10,0.974474083968786,3.99247046915311e-08,0.976317460436344,1.14823470455745e-06
MARCH6,1.01936522145883,5.11628628393677e-11,0.813622292659294,4.01955698061937e-09,0.821294194894404,8.43285160210688e-07
MAST2,1.12502634341258,2.66041625820128e-08,0.668382713915764,0.000305659537305138,0.721648085440743,0.000616017189246679
MB,1.88289591216857,6.12549391977835e-05,1.10546281757651,0.0366757506584564,0.88761746341719,0.11494389771875
MBOAT1,1.66625071474069,8.84255998101527e-09,0.623904302786073,0.00712419935241848,0.674657711742541,0.00952264908834982
MBOAT2,1.21072670200398,7.94771712171294e-13,0.985620740479049,4.43031377795247e-10,0.967929306596399,5.68284203340117e-07
MEG3,1.73344891400356,0.000296805308682469,-0.451751351760338,0.183592849642234,-0.389216411573886,0.295424648604643
MEIS3,1.05944238138254,8.65587813823071e-06,0.816667632428189,0.00111095629014511,0.796946926383109,0.00272565553600945
MEN1,1.00003245539189,1.99528299579894e-20,0.96835665168502,1.32699777204226e-22,0.969167663467974,6.94157026447784e-12
MFAP5,1.88197587306515,2.11123268701596e-05,0.439175802702396,0.50053751220141,0.449872479580939,0.463859258652558
MFSD3,1.00292531911559,1.03971244250485e-11,0.871570621101816,7.55255560370823e-10,0.871832252069816,2.10215965681469e-07
MFSD6L,1.27167942197233,2.29992668475456e-05,0.443591605091869,0.22385167320032,0.362482506064157,0.340285881898147
MGAT5B,1.14543060668859,0.00361908071915796,-0.291236180412954,0.552540294977201,-0.107753006804022,0.827482209864841
MLF1,1.03561430306468,1.43613162700668e-07,0.973633690784688,8.90895672902548e-07,0.969377980748012,2.38263220961103e-05
MMP7,1.13133857660687,0.00129135853700237,0.166764732031337,0.68041434534359,0.225766032746726,0.588633772358773
MRE11A,1.02099193965382,4.60742198895055e-17,0.942667035225007,7.02349582916563e-19,0.941247250490743,6.84761660186174e-11
MRPL15,1.04578168280208,2.53206895484227e-15,0.993050752941037,4.98021356269478e-16,0.990840101551169,1.04938923178616e-09
MRPS22,1.07562409773346,2.60559480449944e-16,0.974896384194256,7.30884199563619e-16,0.979594443862886,9.68703395746624e-10
MRPS35,1.00260848734356,2.38980063235341e-14,0.899537147291517,2.02488746659099e-15,0.899818684421454,1.80462262091975e-09
MRRF,1.01558431838481,9.23686752162768e-16,0.927050969661802,4.17858050225792e-14,0.929554126698597,3.56705400902843e-09
MSC,1.11368309285466,0.000408305357761348,0.79593134407048,0.00780557244016647,0.764764965498359,0.0172322056453316
MT1F,1.33027034828417,6.25297085236548e-05,0.659192326498608,0.0173622900312307,0.710149273604244,0.0155507686570995
MT1G,2.35938876549559,1.51317412300833e-05,0.66872955523873,0.144069726828095,0.652117431864585,0.186562071008096
MTCP1,1.02671881969722,5.93221891110196e-08,0.863770065132541,1.9417958293304e-06,0.864777259193155,9.41035474048714e-06
MTHFD1,1.02320000499798,1.36963871677384e-15,0.937884415945347,7.2301173279058e-18,0.929948953827056,3.72401358628351e-10
MTUS2,2.84235578159355,7.44969594245177e-08,-0.0371728005476347,0.932401072865503,0.140594539085554,0.781588057852511
MUC13,2.73672066889896,5.8914841552837e-05,-0.164766217244322,0.828943862539608,0.0716047658763618,0.932570957112977
MUC20,2.24692695424997,1.10328132317916e-09,0.927430324245747,0.014050822665059,0.940187932109611,0.0220954247262408
MUC4,1.43487434982948,0.000201936113219848,0.0876511429916341,0.853367832759537,0.231532742412801,0.638070824205835
MUC6,3.0776168625074,5.01581702773106e-07,-0.702894395428741,0.237668381430796,-0.515547391643231,0.391590678605133
MUTYH,1.15499414982247,1.37184409102541e-13,0.98624128554483,2.10073248905405e-14,0.990236519122149,1.09189822121394e-09
MYB,2.93524773670164,1.80937571396355e-11,0.993694873583624,0.0216968126035413,1.07231361052686,0.0203168737534089
MYBPC1,10.1469891658148,6.84863498530548e-11,1.6646501307755,0.0812366652990921,1.49981848369201,0.0301897959950614
MYH15,1.43340675997266,0.00651623903252099,-1.68803797535011,5.06792643185366e-06,-1.57409878833022,0.000487127033198261
MYL6B,1.16197174259475,1.66882571287423e-13,0.990022180094311,1.22441814671975e-12,0.995125520748081,1.54959781738009e-08
NASP,1.17357790532864,5.41181356867095e-09,0.783922630736838,5.72137224767088e-06,0.816175190487171,5.54943460585881e-05
NCAM1,1.65604497442822,0.000243774183363606,-1.10218163924905,0.0116324388354755,-0.813313492205067,0.0870896883148548
NDRG4,1.05074095427947,0.000831585361231372,0.393401353590995,0.308428502382013,0.411820172438663,0.318234731097297
NDUFAF4,1.0014292835325,3.22131475479232e-10,0.852891681338413,5.92354382593596e-08,0.846646203625357,2.91766184118633e-06
NEFH,2.33498524114367,2.9750856297366e-08,0.131653371628163,0.747452003641377,0.336534717282779,0.405710387447565
NELL1,3.10013278085726,1.39495670189338e-05,2.7437104069553,0.0128767747195858,2.32158564681253,0.0119638027910938
NFE2L2,1.1308768769611,1.39494954416592e-09,0.797761504182065,1.09270952040358e-05,0.798376806627722,8.45783277464456e-05
NLGN1,2.25946936946204,9.53189144744555e-08,0.955637839087274,0.0424261728027692,0.548096183456618,0.328865610855549
NLGN4X,1.24642256570341,0.00034782186549365,0.0345681739188037,0.933602443987519,0.0454322498512187,0.911241634254291
NLGN4Y,1.61952446331629,0.00496575193295098,1.00269197010457,0.0237964867604141,0.843395692265859,0.0588801710570429
NLRP2,1.97288502014894,0.000171950712297156,-0.918189180255143,0.146708701555991,-0.785121793471759,0.230138207535778
NLRP7,4.24989010266357,2.51993965605079e-12,0.977821401657854,0.149538293112284,0.859077311828671,0.192801029349892
NMB,1.06813806506848,3.43056287606435e-06,0.831389693075398,0.000903433856175906,0.864324171099489,0.00136195174379549
NOL6,1.02336456664891,9.30882687280446e-08,0.638693651471339,1.08199423247422e-05,0.674316108543835,8.55962190329629e-05
NOS1,1.7282877939282,0.000521567357817186,-0.185085826644285,0.809808519211684,-0.699145073918524,0.385180439281794
NOS1AP,1.34253403961452,1.93915467969458e-07,0.876442309735281,0.00768851905716173,0.791678996208141,0.0207234984840028
NOS2,3.27116768417675,2.31535430948855e-09,-0.348229532408427,0.514634713442346,-0.084057584047132,0.888629510446597
NPM2,1.25558794097098,1.69744066999789e-05,0.602538304687469,0.0739365087868301,0.443750801401225,0.214708192094496
NRG1,1.09042314701147,0.00136202746355709,0.394140014193554,0.387044031433818,-0.0682671247076412,0.903296340569621
NRXN2,2.0019113665302,1.82677368027115e-08,0.853557966479318,0.0222002902970347,1.00025095979235,0.0133738172030492
NSUN3,1.12395371431178,4.6613355727179e-12,0.91106181727751,4.84455216845503e-09,0.916608088092109,4.07673425661654e-07
NTN1,1.30524863995116,5.56847611661427e-06,0.677100072105271,0.017365289698527,0.699729679608516,0.0229660894592411
NUDT5,1.03618003037474,6.24263541190337e-17,0.961894498603894,7.35118680619219e-20,0.960922160797008,4.95274268613031e-11
NUP210,1.1925223648672,1.67415385996251e-07,0.875487463304272,0.00026055983254223,0.867673438243967,0.0011020298617297
NUP35,1.00372883705105,6.36767306084777e-17,0.952805198535974,1.08597720769178e-17,0.951196966484741,5.84219317468798e-11
NUP62,1.06903605906493,5.42180187651038e-17,0.960298789352729,1.78574432812261e-15,0.966952712783452,1.48971901891793e-09
NUP93,1.0686237627735,1.2107866250524e-16,0.952304060459344,2.74824854885096e-17,0.957519701193497,3.76924289289945e-10
ODC1,1.84549981993912,1.00526417552705e-09,0.962873358086921,0.00146368743524205,0.946264628655815,0.00451187204076031
OLFM1,1.35174726912474,0.000305275466173183,-0.297870083604291,0.540499810232632,-0.320953593691789,0.500090686252098
ORAOV1,2.07942636019552,1.90347147690102e-11,0.901133993708808,2.37396989902491e-07,0.97516553768772,9.51695109354092e-06
OSGIN1,1.5888206134609,6.07580924964608e-06,0.326474928132491,0.434503852133919,0.325525749818276,0.45112582941826
OVOL2,1.16622862908827,7.88344555564716e-09,0.995601019120816,1.90177702086043e-06,0.977884811744227,2.91308768425682e-05
P2RY2,1.15454583941515,4.44938866166952e-06,0.681365944099894,0.0141997288482483,0.60722300491117,0.0397054776568803
P4HA1,1.04092481465365,1.47774212712594e-10,0.823787226986534,3.21973942818805e-08,0.82369716316463,3.12796476175073e-06
PA2G4,1.02212540288616,1.76986790664248e-23,0.980430729534132,2.42724513918533e-33,0.980941059249282,7.70593698535891e-15
PABPC4L,1.07803713165307,4.3691029683286e-06,0.779270600493246,0.00367997539802117,0.773055643768887,0.00484949782645536
PANK3,1.09181460179696,2.04004183817467e-14,0.979143370558716,1.72194732856906e-13,0.977364807799074,9.54744749024319e-09
PCCB,1.02891828780091,1.29989592575543e-13,0.892178321337265,7.59419146554535e-14,0.896839620694799,6.22424720716365e-09
PCDHB13,1.21260792837297,1.35442299559178e-05,0.353801226179094,0.219616550049027,0.396735704438495,0.163208576057127
PCDHB2,1.47052705640818,2.32606188548473e-06,0.455150005004572,0.16859557283255,0.457112686953129,0.16175382950647
PCDHB6,2.40595635454045,1.12658086060416e-10,0.873957446930371,0.0417665452112109,0.92950251651979,0.0312374652354138
PCDHGB1,1.51433644934998,9.34689030966159e-06,0.891724918619676,0.0238698195962144,0.803987319233849,0.0494830764704067
PCID2,1.76261091709378,1.085356580897e-08,0.524647059081445,0.00791969377261033,0.632947553942821,0.00696342781885213
PCLO,1.24434516839329,4.16069557687041e-07,0.805199903798585,0.0045027752788327,0.731042423526277,0.0218855927518302
PCSK1N,1.83599273839047,8.55579311120336e-05,0.423367826059831,0.445415311334714,0.178414975489259,0.758992604283627
PDCD11,1.05076615545814,1.51778266009533e-15,0.959474332016605,8.4159526632134e-19,0.960427939335659,1.14380021898935e-10
PDK3,1.14403998857459,9.53536375480619e-12,0.942345607334399,1.64197393454682e-08,0.940402636726952,1.44527506765882e-06
PEG3,1.67739660206542,0.00168703224246074,-2.55121510596688,9.96496378461315e-17,-2.38415246151655,1.6448457015575e-07
PENK,2.47258313624104,2.05415612300867e-05,-2.11461208044548,0.000512644325109897,-1.77612011243435,0.00884431077044066
PGD,1.31527529766324,4.32179821566226e-10,0.880526610568262,3.22104833707251e-05,0.892009376080036,0.000162133070379958
PHF13,1.01139210598507,6.98944626522209e-12,0.968612579125814,2.34833204516493e-14,0.968124785176165,4.26142313247314e-09
PIAS2,1.12565968251511,1.08202084952446e-13,0.956007724969425,2.09987899920729e-11,0.962163886608093,4.76729195807119e-08
PIGN,1.0692806090909,3.25294721640102e-17,0.986198240065392,2.45504397040315e-18,0.987890915268283,1.42121391441613e-10
PIGZ,1.07031755062557,3.83777223273384e-09,0.962712138305921,1.0585825892846e-08,0.95168953532873,8.39390069293596e-07
PIPOX,1.83560167248038,2.09457106858971e-09,0.850758581602032,0.00741890580576207,0.846014133803497,0.00998059993148351
PKIB,1.09363077136517,0.000441123319547454,0.491592283149362,0.116608017494984,0.468329142922863,0.138977560334859
PLA2G4E,2.2604621172547,8.21931936543954e-05,0.576969482575132,0.399349766874764,0.252533645506008,0.725681267908404
PLA2G6,1.15546244925266,1.69720888117761e-08,0.952453750498389,7.82426085245984e-06,0.929642432001344,0.000109624373689836
PLAT,1.04259141075929,0.000178307256691116,0.36233048513638,0.178718114631312,0.431937125365025,0.128093731593105
PLOD1,1.11918554679943,3.19046727862238e-11,0.929588270621245,1.39493919762165e-08,0.930677904978519,2.0848313262247e-06
PLP1,5.67310252132386,1.7063893046512e-11,-1.28179491622207,0.0552425348133049,-0.831404432252258,0.197893029544495
PNLDC1,5.1387274736722,9.24837597705719e-12,1.14371857108117,0.0688154249882356,1.41808226201999,0.0210601942593712
PNMA5,8.03700533903652,2.15979927001427e-12,0.861950095679537,0.244300190260174,0.721991769817083,0.204627802931086
PNMAL1,1.34489603927571,4.50824794500875e-05,0.48315462557521,0.165377763306121,0.498274011574516,0.172824505020625
POLB,1.08759812415672,8.54481511361686e-13,0.990708930033438,5.59782380211057e-13,0.988983913420096,1.16085721574365e-08
POLR2I,1.02152081448347,6.78675135224878e-11,0.887654277597461,2.1567231542928e-10,0.883056473060728,2.53203722929405e-07
POLR3K,1.03928092042762,6.66273010194171e-11,0.910925105265865,6.94868162662343e-12,0.907525746066739,3.40686250292913e-08
POP4,1.29379987403882,5.05152881037697e-10,0.819524173817343,2.5587283265237e-07,0.851550846096412,9.45486535621472e-06
PORCN,1.18079645012586,2.63755921201918e-13,0.974554170077549,4.37970789559609e-10,0.978364247636564,1.8401099557049e-07
POU2F3,2.69233790572924,6.2416568096549e-11,0.802000428359077,0.0174790802725873,0.995715227916025,0.0113627545793354
POU5F1B,3.48071123663789,5.0747393254487e-13,0.829701551897955,0.00856371847606054,0.875301404309869,0.0126029533590403
PPM1H,1.38278566646194,9.94587071513478e-07,0.623645772900432,0.0350266642410973,0.593056350643787,0.0573956417536328
PPP1R13L,1.11135443396379,5.3642547648115e-09,0.82633985286789,1.91504594414501e-05,0.840898257349644,0.000121678941595883
PPP1R3D,1.19600972596176,1.53859030773472e-12,0.960227486785281,1.65207643801515e-10,0.970568754566191,1.38710485524851e-07
PRB4,8.21851996274986,0.000727924281354289,0.247773021559711,0.562334827301926,0.401236143511009,0.450565620109286
PRCC,1.0182365937061,7.83501860399466e-19,0.935537948821436,3.92974156488669e-23,0.937157993109044,5.00999899109514e-12
PRDX4,1.00826367048564,3.76686567006469e-08,0.948051313594222,1.18719754909649e-07,0.943926861972511,7.60484024823895e-06
PRH1,1.32652007454907,1.05413937375393e-08,0.860365100699177,1.69217978630102e-05,0.879211999086043,5.11338943294834e-05
PRLR,2.30725424917272,2.19377794633405e-09,0.812423930573528,0.0409915821503645,0.852412185602186,0.0467561032488784
PRMT5,1.03287792575643,1.81369824311067e-19,0.965713158177758,1.89851891092335e-19,0.964235227383388,8.05170984468728e-11
PRMT6,1.08743443132256,2.12907513482732e-14,0.968315614210616,3.62995981002389e-13,0.966181592557174,1.36600445013872e-08
PRNP,1.06356950448834,2.63623653088639e-07,0.654753811681747,0.0035186848731363,0.618176857438289,0.0106526714147877
PROX1,1.77538439890633,2.18817872285063e-05,0.0737549268900157,0.883266096543515,0.379390961120739,0.434833658056051
PRPF3,1.56188711828107,3.49155109614637e-09,0.715085316465089,1.05132503127778e-05,0.773819984486139,9.9558014267312e-05
PRPH,4.24803548062305,2.72312193918631e-12,0.426614069048375,0.43889724084809,0.416648908213615,0.473538946495229
PRRX1,1.08764179950529,0.000398548360825233,0.162329223771222,0.537400384606674,0.237884085830463,0.390852248485697
PSMB4,1.06789639700149,3.86812530842256e-13,0.935006160714533,1.63594785173013e-12,0.940264940613551,2.11802860586387e-08
PTK6,1.70561003458787,1.66394788230388e-08,0.701565311567981,0.0408472714046807,0.645948617728055,0.0699602828297601
PTPN14,1.04412661795354,9.24716949295375e-09,0.806462503657648,2.23229931724075e-05,0.82850507189745,0.000102723554705312
PYGL,1.28762082197962,1.44575074179105e-08,0.819047499106064,0.00187774909439905,0.769057203794148,0.00657782423517988
RAB40B,1.25363510571917,2.39072177083751e-12,0.981392671039855,2.15562335672137e-09,0.980891931665764,6.35298827545205e-07
RAET1E,1.79609989899755,0.000728429363502819,-0.52287809788935,0.425857975965205,-0.308769458305366,0.649683325527015
RAG1,1.2774929816216,6.05758759853903e-08,0.810896958632841,0.00276705417792404,0.779316077500574,0.00561307051060701
RASGEF1A,1.44703685891944,8.3189990383173e-08,0.817988224379748,0.0106025137884777,0.768704865909693,0.0185990640332935
RASSF9,1.46910770189187,2.44062040821049e-06,0.482980530389608,0.193628482469917,0.386287454638325,0.305000719530482
RBBP7,1.03488250870941,8.78034961531457e-13,0.854733329482442,5.58031540313224e-12,0.861340685756836,3.2292782201728e-08
RBM38,1.50638180736487,1.09567090201001e-08,0.725383226750675,0.00180873441211725,0.824497144833958,0.00191749332501101
RCN3,1.01846886617136,2.65815594021392e-05,0.702136506268703,0.00270784365864871,0.725273492784592,0.00408860665601656
RDH13,1.02152078524178,6.96545398508816e-11,0.843477903756475,1.60122246754261e-09,0.849428859117098,2.18504485649744e-07
REEP6,1.2558820715116,3.42850062639896e-07,0.721671248981065,0.006684134174825,0.729850483820961,0.00799413958863185
RET,3.15749573912501,1.26594360608604e-10,0.513956329437536,0.178809998044583,0.683934959045561,0.101973987548661
RGS6,1.32189360789591,0.00305104430453757,-0.712909468364136,0.153508690481275,-0.68100218383777,0.194807175154199
RHPN2,1.26125591894948,4.21605674531239e-05,0.187474789485217,0.516265972278294,0.281125660213659,0.352003820846495
RIBC2,1.16706938139711,0.0042727479183842,0.86539842639643,0.08561816552136,0.722154281296768,0.168380040437789
RNF2,1.00454353158989,1.78799493984548e-23,0.974155523454935,1.24823302188551e-30,0.974506193299563,3.47390102996489e-14
ROBO1,1.32725550914872,1.17044596975372e-06,0.492108121139488,0.0361971100058072,0.53818626890857,0.0305742447700418
ROR2,1.3217575826447,1.89303967838846e-06,0.882804919437991,0.000491560996463273,0.90064886249798,0.00112740483727717
RPA1,1.00269620246528,7.27627049534804e-18,0.929702347990569,4.60687970165133e-19,0.930153265463302,8.15066049142264e-11
RPAP3,1.02400504869623,1.93880681400343e-23,0.98911167552827,3.96959036604516e-30,0.988276615985979,5.18018826703278e-14
RPL37,1.00639563010505,2.08362959640308e-10,0.899006033960107,7.64600345967935e-10,0.895566439381083,3.40334305029129e-07
RPLP0,1.07257100218776,7.2033686457709e-12,0.983671469246907,1.48108638324027e-10,0.975703070471676,1.7834294924311e-07
RPP25,1.11572019011312,7.05390514749836e-11,0.90480735597643,8.21039469042364e-09,0.900606529159351,1.59215115188177e-06
RPS6KA6,1.85723290280657,1.91263479807819e-05,0.185291225646351,0.794152463832332,-0.360078327298502,0.588633772358773
RPS6KL1,1.05142805318705,0.000159691875132395,0.414894667780312,0.183673094733674,0.394249186614598,0.2022322298458
RTL1,8.12373774407315,1.78460723256056e-06,-0.282568136814899,0.645262285778899,0.160116449649549,0.73351913122147
RTN4RL2,1.34558186764509,3.10854983133018e-05,0.218050685810865,0.491625282052846,0.336948983100749,0.285214066186466
RUVBL2,1.04714506033208,3.97063164537155e-13,0.949262530673323,1.53528796350142e-13,0.952326860114568,9.27727097434073e-09
S100A14,1.41591467840775,3.13496089603075e-06,0.570282566456915,0.141173430663909,0.463643709977156,0.234446478173439
S100A8,2.97081434963955,1.04599337174574e-09,0.297462410307742,0.636087347544206,0.384810874027569,0.506602126641133
S100A9,3.2668791074721,6.93490261228477e-12,0.595365634373691,0.291678552289192,0.749601216044178,0.17830327947627
S100P,1.79400597171496,6.08481854022366e-06,0.653196931471561,0.166159574177295,0.578632405844294,0.259640433934497
SAMD10,1.02202347031567,9.42405084600011e-09,0.798500585837983,2.33529806940928e-06,0.793834779099721,2.16549994567828e-05
SAMD4B,1.08516637809306,2.34968666538678e-14,0.962160349571999,2.17712515238995e-13,0.972104652243705,1.04924284427993e-08
SAMD8,1.00218098029253,2.40442645471278e-12,0.910712437021617,6.11542118905824e-12,0.908252619356889,7.66695398612725e-09
SAP30,1.01648686797816,3.386615135499e-11,0.891004343667132,9.21245665066144e-09,0.888946712815178,4.24388285799999e-07
SCN2A,2.56864043421918,2.07831331547827e-09,0.840026850117749,0.0923434406881828,0.749073226130377,0.144422348035407
SCN9A,1.65270439417285,4.38403435695614e-05,-0.539468912681742,0.274523904110523,-0.401983863846616,0.40789572022752
SCNN1D,1.28132816363712,2.80930794908716e-05,0.840442480183259,0.000232870253286246,0.874207725509371,0.000342613160840266
SCRIB,1.06950657492647,7.47508166171852e-16,0.98971619797894,1.32781812684559e-15,0.990270994714499,1.51227656999896e-09
SDCBP2,1.39711717357306,2.66412822864912e-07,0.830952902053645,0.00800165807511761,0.716393754742938,0.0315870178570424
SDCCAG3,1.02333435368656,1.79248077832348e-18,0.964285842045355,8.33966506287912e-21,0.964656697673399,1.65143154850446e-11
SEMA3A,1.43923568378305,4.92478903048146e-05,0.018545682129455,0.96123641483569,0.123573807797768,0.745799527889852
SEMA3C,1.04839929262739,0.00020853853432806,0.339595243349209,0.257872818814121,0.382199354668999,0.215090655549405
SEMA4C,1.0068213667981,5.40651314800644e-09,0.789442568457054,6.80585449883299e-08,0.804823041686141,3.64491041779205e-06
SEMA6C,1.31766498522728,3.48389879256959e-06,0.424052845739831,0.137345470234576,0.530997626249957,0.0763170782475797
SERPINI1,1.55082106169705,1.69216879710935e-09,0.837407926579493,0.00162188748027997,0.877122850520819,0.00212944171177716
SF3A3,2.00181535347368,2.76173097718726e-09,0.474200387092302,0.00385354824851099,0.558365356649209,0.00570644421801752
SF3B14,1.03613436808233,7.70325994600955e-17,0.975385025737413,4.73936383599354e-21,0.97696929482701,2.33623329460002e-11
SF3B3,1.00163733324076,2.30405243239072e-15,0.898948088837281,6.29895811720912e-16,0.906429000777067,7.37231524306369e-10
SF3B4,1.03296902735337,8.6498028984632e-19,0.946874436220779,9.8539418542494e-25,0.951614815679272,1.73635029602016e-12
SFRP1,1.92154334118921,0.000108811538264649,-0.0634208775285565,0.906994260607998,0.132640534747023,0.811747132504725
SH3TC2,1.68632329742009,2.095703332127e-06,0.406720369321017,0.259925289782864,0.359958727707399,0.34314546297585
SHISA2,1.60380481475082,1.75359964078523e-05,0.784644411813741,0.0999954682870529,0.616067519864861,0.262093834818586
SKIL,1.07001677327205,1.87054591761761e-09,0.854673778929356,4.40044360194171e-06,0.878829473935196,3.94541044319755e-05
SLC12A3,4.16920168175894,1.84119056223289e-08,-0.601934634703422,0.200727596507502,-0.488345496424499,0.326604316752544
SLC16A13,1.09767718969807,3.08064938572123e-10,0.926652095969103,1.6823438710995e-07,0.934036123358804,2.95246674661382e-06
SLC17A7,2.88127917629347,4.7046018554516e-10,0.39784511984798,0.330283058754499,0.585741043547504,0.173069342181491
SLC20A2,1.35441127059573,9.09026329954619e-10,0.92953393421093,6.70116700120744e-06,0.90264509842101,0.000134449553656939
SLC29A2,1.11437952454614,1.18373310580579e-09,0.907959829343686,2.87515534484648e-08,0.896489077439408,3.17783981881832e-06
SLC2A12,1.40471946885596,1.62965947367301e-06,0.463039352680383,0.112494757189812,0.506643033833569,0.0966029338655147
SLC36A1,1.0012584831205,1.43604715046063e-09,0.943743026779584,6.73341770730928e-14,0.940994520411893,4.43425705868519e-09
SLC39A11,1.06057029042693,5.1689911705054e-13,0.956123777697687,5.61793471285226e-12,0.954326879628058,4.15335069364806e-08
SLC3A2,1.18499295163939,2.65690398133555e-13,0.938305569759312,8.54725057732504e-10,0.945030347330104,3.66250276914784e-07
SLC5A7,2.76401901306332,5.24360644672003e-05,-2.31257632303623,0.0109474325648854,-1.69496131675598,0.0374411828713089
SLC7A4,1.09744190623131,0.00358260882760176,0.244949157190467,0.601029864508204,-0.0365699051552206,0.944163350180846
SLC7A8,1.54292107448241,3.6716477959342e-08,0.778241908707947,0.004941978014033,0.753145051074811,0.010937744028411
SLFN13,1.11350801399555,0.000310830228128185,0.27965866843039,0.40923656842422,0.23184876116087,0.507186293986889
SLITRK2,1.70231686706566,0.00171219623182885,-1.88039136595433,0.000214938725091269,-1.47606523135992,0.011986350158764
SLITRK4,2.29279452067135,1.43887476488745e-07,0.0685518688313407,0.902907965067215,0.151520057842591,0.780385945395001
SLITRK6,2.13121327557518,5.82110570397631e-07,0.948409757370877,0.0958559790836417,0.695483286328194,0.267832282272837
SNAPC1,1.13118891232037,7.25575103734109e-12,0.977228443490546,1.84513742706877e-09,0.975037606747644,5.88161669727842e-07
SNCAIP,1.21495807887732,3.14379761746165e-06,0.643911948479842,0.0134607743195935,0.615881725919105,0.0238054334090653
SNIP1,1.1752130653174,1.5661079723684e-05,0.262858095376794,0.0993553927563574,0.327752671040905,0.0707989577885087
SNRPA,1.02101293026453,5.11272459647174e-19,0.960178076600108,3.25972990845451e-23,0.960246475921415,5.50839562309562e-12
SOX6,1.10210838678145,0.000293334484059558,0.451431603529401,0.146766850180207,0.44209336792446,0.159545025087464
SPESP1,2.0383929688379,3.73610399394539e-06,-0.347277288972327,0.47758303967079,0.0374682496831227,0.944467147494383
SPINK5,1.91243426463742,1.84761341232747e-07,0.846859354671734,0.0521593529281231,0.737023713623132,0.134041023879624
SPSB4,1.99169656441907,1.40351799863633e-07,0.313618122205096,0.392456137194888,0.475776914387906,0.197239753149734
SPTB,1.00359816365947,2.18708107283711e-06,0.664665443703464,0.0031149061279386,0.684009884878224,0.0033938207595101
SPTBN5,1.09300695568358,0.000870062167082888,0.863394722381131,0.0119121199503491,0.938694046324761,0.0088451063562562
SRRD,1.03837623436901,1.80567336633739e-20,0.98380537100588,2.15026750330961e-26,0.983594233158473,4.74834095507478e-14
SSTR2,1.2940481544703,0.000889808504506834,0.617765489709818,0.0779380450794088,0.769277146360094,0.036290256083272
ST6GAL2,1.57779988798672,8.73687812588886e-05,-0.346647061406855,0.481739829139928,-0.177012986159303,0.721035627487927
ST6GALNAC2,1.20872419005135,1.08878772001319e-06,0.980130807189536,0.00109666237794108,0.726625048343784,0.0451604670387219
STAG3,2.15302715810455,2.23774473412674e-07,0.384719144184078,0.191506361977844,0.455743700561442,0.140733380240627
STK32B,1.03723483667095,0.00721269181756227,0.686150741458864,0.0933159452319096,0.701565082667039,0.0881102309766246
STK35,1.01818622060005,1.35719962851069e-17,0.971077786960556,4.46612681247709e-17,0.974968480500642,5.21072308423868e-10
STK38L,1.01912250582079,5.05561572669973e-10,0.809248136943448,2.39156269689449e-07,0.825092686976856,8.38156316742555e-06
STRN,1.02549327388793,1.13796388753114e-15,0.990976429786023,3.00130637515271e-15,0.98517773169043,1.75436866174439e-09
SULT1E1,2.78536018561275,5.04365936320871e-08,0.259058740279729,0.637641097279833,0.291220896708462,0.5826812553329
SUMO1P3,1.06589563996029,1.62226394213987e-08,0.789038660256748,8.25214946450278e-09,0.813825030570848,5.98363546400462e-07
SUZ12,1.02581242453481,1.21297676908769e-17,0.933794252745259,2.88077891328913e-19,0.936500628576238,7.87314221177293e-11
SV2B,1.97819200704391,2.95503940696926e-06,-0.241672869575726,0.56423742190832,-0.0754898635236621,0.87277944452672
TAC1,6.75293780590983,4.77630912261123e-06,-1.63369849669669,0.0738419258717374,-0.493320692179701,0.478748608569168
TACSTD2,1.14529741517033,7.34608481167209e-06,0.683524017480295,0.0256672250877868,0.519065555000639,0.125987144621995
TADA2A,1.04639762900145,4.05945930740461e-16,0.957642189057252,1.98627639767933e-16,0.955832424502028,1.80439801214402e-10
TALDO1,1.21643413084526,3.67305889743858e-12,0.926570639112668,2.80825064940066e-08,0.943441035906906,2.02905976993669e-06
TATDN1,1.05990682815862,1.4316496796898e-14,0.944770762294559,1.14306634205881e-12,0.943871226174935,1.26988058224476e-08
TBPL1,1.03812614228544,8.62010289186603e-13,0.961995257421764,1.09848262259154e-11,0.95478874216294,5.96407383908744e-08
TGM1,1.89936330691077,3.14479241669178e-05,0.512788120914237,0.353137961481041,0.427151667797998,0.448938728744884
THBS4,1.32409548307289,0.00536245096274469,-0.129389441896535,0.798920279437019,-0.0491407055129862,0.932570957112977
TIAM1,1.08803340560896,6.40586510022992e-07,0.721587543577115,0.000426624880011068,0.723030271692991,0.0014893458982738
TIAM2,1.04481692920788,2.05555523377688e-07,0.829113834042339,4.05022689173706e-07,0.825767792735954,2.9755022697318e-06
TIGD2,1.03314406188534,1.88135165459235e-10,0.917743562844577,1.31917198633877e-08,0.918215207698971,7.24499819857349e-07
TKTL1,5.68477081391037,9.69128667313991e-10,-2.36934424056475,0.000259116618064694,-1.64449324594087,0.0245533257367242
TMCO3,1.05824574909361,0.000211053415441828,0.0214459263031085,0.910513304484271,0.0838334824409204,0.676754874608292
TMEM159,1.12108769518428,2.94373035446359e-10,0.92476695138881,9.50742373860449e-08,0.903676518652676,9.37908727662339e-06
TMEM5,1.02916453787378,2.1672777129762e-17,0.960207277734252,5.50322474122572e-17,0.957233655355702,1.59420452547867e-10
TMEM59L,1.61032937619357,8.48794208588054e-05,0.208870901345379,0.613764923351821,0.280651050746801,0.518902419253907
TMEM65,1.08106792024072,5.39115818434806e-14,0.933631103560373,5.75646842141393e-13,0.940953995910695,1.2074664493126e-08
TNFRSF11A,1.12831586473732,5.1387713080237e-06,0.645572109569289,0.00837033173192517,0.621304003849773,0.0151335604108009
TNFSF4,1.82237596895379,9.86149314936911e-10,0.855692757893386,0.00206708046027008,0.927298577637833,0.00285331139486909
TNK1,1.13424898644097,1.04399855637472e-11,0.966003623779184,1.69735038357641e-10,0.959880307506728,1.44121878908363e-07
TNN,1.84739297306443,8.87409734935041e-05,-0.773004447648106,0.0217755817753843,-0.71570787205733,0.0582612954251693
TNNT3,2.19470993056689,3.17686349310309e-05,-0.035017205259814,0.956149694039347,-0.0787850357865285,0.92056338021779
TOMM5,1.05538509201021,1.19429042884467e-11,0.98726430673023,1.13696277770359e-10,0.987072211681397,2.10909268757003e-07
TOP3A,1.1005997731191,4.34739048029045e-11,0.850752699982415,2.13061730694628e-11,0.866504984530238,6.00871681720366e-08
TOP3B,1.00454077114689,8.27194409019256e-12,0.894906937252211,6.16599597068688e-14,0.899811964893099,2.72453268076757e-09
TP53,1.15953540939306,2.27261402653405e-07,0.642284893294975,0.00847470652335555,0.634324037001518,0.0138590273115322
TPCN2,2.32929167279003,1.01769353622358e-08,0.0871485753481382,0.667555139927944,0.203889978634943,0.394495249079815
TPRG1,1.17335700424094,0.000129154657261773,0.367302129409404,0.335178269966733,0.139046121918565,0.735506180564702
TRAF4,1.04943032329752,1.93296234097136e-11,0.932597875557971,2.54936155532465e-13,0.92789013601031,1.39289979121997e-08
TRERF1,1.11682510145071,3.10613245538525e-09,0.890870719481224,2.27337797150214e-06,0.892873454736159,3.5929580448681e-05
TRIM2,1.06070606672455,7.97994581739564e-08,0.748033003343666,0.000134826522085565,0.725177541036378,0.000854828778357579
TRIM24,1.03014948738052,1.8674940952857e-08,0.719213401334978,1.27757080302744e-05,0.748322278091869,8.53874499796234e-05
TRMU,1.05433670577865,5.66493562643377e-14,0.962940477029083,2.0485216427772e-12,0.967528396645755,9.18653418006797e-09
TRPV6,1.7234124524288,1.5617399169873e-08,0.904500895919371,0.00580232930310428,0.928397835834343,0.00682410704735091
TRRAP,1.35994245890316,2.35978091969847e-07,0.552832130998711,0.00428932438540534,0.628039349668228,0.00473445920532293
TSFM,1.00955129234492,1.0020753621421e-17,0.966750110979349,4.98862146979424e-24,0.965939416075214,1.64168768612489e-12
TSPAN33,1.11613702115338,4.76439737606532e-07,0.886403969210659,1.63882198172048e-05,0.865913333572777,0.00014297233012682
TTLL4,1.2625934162331,1.62599001000917e-09,0.760862408368266,1.23194651267337e-05,0.812367225272025,7.12686991981971e-05
TUBA4A,1.17350569663936,9.29273654493362e-07,0.651685927263674,0.00930900999976744,0.601714971776126,0.0251898752792566
TUBGCP3,1.09555082212003,3.50682075024954e-07,0.55731090250599,0.000508634644166087,0.58972767599561,0.00112452357680779
TXNRD1,1.4822999654099,6.76065673392527e-09,0.813912850504377,0.00307451217542045,0.817983797423508,0.00508543259912408
UBD,1.31457829266906,0.000605306876430808,0.0476870056940172,0.91026884378142,0.25094566571851,0.550154748745647
UGT3A1,7.45212783114437,6.17953664330862e-11,1.47471833425246,0.103992366817373,1.47419071690925,0.0202613366990874
UQCRFS1,1.28414002397068,4.84237047886133e-10,0.867167525882599,8.09528978521069e-07,0.890467762667567,2.00306139029321e-05
USP28,1.044293870064,6.86085910394641e-19,0.984023603492564,1.90120053105997e-19,0.981621693078901,6.85791954025936e-11
USP46,1.1052802521574,2.21350315365655e-13,0.939935147992796,5.554780834829e-14,0.948772114838448,4.43425705868519e-09
UTP11L,1.33604264296149,1.6458740496749e-07,0.559056331387503,0.000157553452108303,0.608790240753136,0.000568391105560495
VASH2,1.54182135448731,2.76693298292903e-06,0.541832377067795,0.0942525933700152,0.627426154657966,0.064813705642982
VAV3,1.33469086801735,2.226608176736e-06,0.534669690459638,0.0996349199806271,0.487649501832591,0.14369785533003
VBP1,1.05101351008895,8.53958998586284e-14,0.918153178656409,2.07268959657031e-13,0.920773345751524,1.63291086204041e-08
VDAC2,1.00736576256429,1.72235903310214e-14,0.909119874907573,8.80894829212097e-14,0.90107454119358,1.0142973990776e-08
VGLL1,1.81459602791323,2.8085580302783e-05,0.0160834893028101,0.980298774319471,-0.33495555273563,0.581986402843059
VIT,3.43760176221873,6.13444315844732e-11,1.54472440944005,0.0152741240682179,1.12866076305917,0.0846830424934906
VMA21,1.03149205923395,2.54116345159426e-16,0.92287163515587,9.99676942605938e-18,0.92307134469081,3.03889967804201e-10
VPS72,1.09969570615453,1.14561462531474e-13,0.91463756487805,6.09619933426454e-18,0.922389921954884,2.40284875705228e-10
VTA1,1.02086088183683,1.65570751389347e-25,0.986778431779722,3.65431789422099e-36,0.985993512312612,4.25909156952899e-15
WDR18,1.0104410364829,5.89585098692234e-16,0.968720558662146,3.98895275453669e-27,0.965977082503719,4.64742592009541e-13
WDR70,1.01485938119882,9.5284378788356e-18,0.95639167025287,6.18629924803844e-23,0.956630861573469,3.66023480004151e-12
WEE1,1.12627492741198,1.54093870240225e-08,0.961646522137672,2.27766469045375e-09,0.974343170566515,7.66407690722265e-07
WNT11,2.22637461924781,2.37097911447076e-07,-0.287314019271591,0.567487876514611,-0.0264989395110735,0.960100480640231
WNT4,1.11747634992421,6.93327272506503e-05,0.503842634134683,0.120553447127558,0.395604334378624,0.233204288792726
WSCD2,3.72179860973128,1.90175924787022e-12,0.423268181915511,0.556640715321289,0.543075676708416,0.395935702195983
XKRX,1.52599114985906,6.61459547776676e-08,0.939731676027516,0.000840544663912877,0.942730800791119,0.00215161641688791
XYLT2,1.10485136526756,5.54728260134462e-15,0.94735080928414,4.03587941632016e-12,0.956377965701122,4.23538233214497e-08
YKT6,1.0082345695568,4.82107880027507e-14,0.891509536909363,7.08483036573211e-14,0.895150898070099,6.14767016204464e-09
YRDC,1.41297687182085,5.99443632523988e-09,0.832580943580517,6.88422794220684e-09,0.861718644416929,1.29006816956506e-06
ZBTB39,1.0471254808815,5.22585561831259e-16,0.990944304062995,2.76880054784449e-14,0.991251492313321,2.13779817209678e-09
ZBTB7C,1.17759133822148,2.05126160162026e-06,0.701519774613077,0.00526515214611459,0.699343023784746,0.00927717190609589
ZG16B,2.18815879643039,6.7264154094977e-06,-0.453347282438383,0.39555287322959,-0.314469881288452,0.575797348934776
ZNF16,1.01847309515602,6.16191127808477e-18,0.964850085680632,4.98908404030293e-20,0.963955520778228,3.79839937943826e-12
ZNF185,1.16868139376471,1.3243128212708e-07,0.632725947642242,0.00306685705428452,0.648270845343358,0.00578098948210849
ZNF229,1.89834311585978,5.38161227468457e-09,0.913199450292952,0.0173065144626775,0.721118662116171,0.0737172412803846
ZNF239,1.3206000804788,9.02376747485106e-08,0.774139866165461,0.00147810853688824,0.754795149636235,0.00256732895293043
ZNF300,1.48510281060755,3.67840446108342e-09,0.933271061073177,0.00263579723068104,0.846406456366722,0.00887462796408666
ZNF343,1.05783972788085,8.25459747426172e-19,0.999498391741756,4.26609099140792e-18,0.998899438787575,5.44370691146819e-11
ZNF408,1.12113402940219,1.85059407727266e-14,0.969532229675241,2.8471954132116e-16,0.979945585212858,2.91323039817387e-10
ZNF436,1.01858751474931,4.03344073699284e-13,0.946586741353257,6.94148348478404e-13,0.948843582055802,1.46764641653437e-08
ZNF469,1.15400917713554,1.13454307273379e-05,0.885176840505289,0.000153627923402931,0.900132340095518,0.00045998588701808
ZNF473,1.05047471812343,2.14604008690244e-14,0.942174664266445,9.90750925338519e-12,0.940809597569636,2.88282935637764e-08
ZNF507,1.01291056385148,8.01201180697929e-14,0.905696446138389,1.8181706603221e-14,0.916185784162189,3.23280169429709e-09
ZNF532,1.1367643833366,1.52481030466396e-13,0.978163452904107,1.49555443465579e-11,0.984746447819157,7.02099420036828e-08
ZNF543,1.00063180035732,1.31407174497802e-15,0.947483130691561,4.47252076412986e-17,0.947176386195772,2.28397908045372e-11
ZNF550,1.02434590729339,4.82439567041597e-10,0.866523306218138,8.91109158800961e-11,0.873930969846984,3.35832710853517e-08
ZNF567,1.0499567900833,3.73345295465861e-12,0.892060376511514,8.38638966814743e-09,0.889228475487195,6.11823156911381e-07
ZNF598,1.01262902579424,1.73744673045628e-17,0.956663130136371,1.39037996404066e-18,0.954807463475278,1.53271815878653e-10
ZNF667,1.09613655865917,0.00219522283762066,-0.57817893423355,0.179958156050273,-0.489436528838819,0.24724812998643
ZNF670,1.0875738990399,1.8378663300996e-11,0.985299283293218,5.65462877549169e-10,0.982992149500185,7.1953160549677e-08
ZNF687,1.06103440883687,1.09741095586235e-13,0.93231983569177,9.79983722783621e-14,0.939148037837392,7.49949485472503e-09
ZNF71,1.52175705413452,8.629986808258e-08,0.533882419883028,0.00959747162253837,0.566241800043867,0.014488051775004
ZNF713,1.05961034366352,1.29990123759408e-05,0.444533871408821,0.101572414573924,0.506934179817416,0.0666925894992536
ZNF714,1.15290646090204,8.77787728821739e-09,0.881787987263124,1.83233567238782e-06,0.876426534135342,2.23173269444884e-05
ZNF789,1.22382648858446,6.65564121865205e-08,0.856526565382495,1.66518106211229e-06,0.870658686793883,1.0291088259863e-05
ZNF793,1.26552745399297,1.5296355563965e-08,0.938555224519567,0.000110026061748516,0.866288398835882,0.00107099480007065
ZNF813,1.11587317362874,9.36896050476254e-09,0.809717153689576,2.52043754314412e-05,0.811495705549764,0.00014162424228571
ZSCAN20,1.00622122020294,1.54880007010328e-10,0.895061391510931,7.22599753143794e-08,0.888932922152318,1.22466492161134e-06
